Jméno;URL
MUDr. Bronislav Batoušek;https://www.lkcr.cz/seznam-lekaru?filterId=MTEzNzI5NTE2OCwsQnJvbmlzbGF2LCxCYXRvdcWhZWs%3D&do[load]=1
MUDr. Jiří Běhounek;https://www.lkcr.cz/seznam-lekaru?filterId=MTExOTI0NDE1MiwsSmnFmcOtLCxCxJtob3VuZWs%3D&do[load]=1
MUDr. Jiří Běhounek;https://www.lkcr.cz/seznam-lekaru?filterId=MTE1ODU4ODE4NSwsSmnFmcOtLCxCxJtob3VuZWs%3D&do[load]=1
MUDr. Mario Bertoli;https://www.lkcr.cz/seznam-lekaru?filterId=MTE1MTM1MzE4MSwsTWFyaW8sLEJlcnRvbGk%3D&do[load]=1
MUDr. Ladislav Čepera;https://www.lkcr.cz/seznam-lekaru?filterId=MTE0NzM4NzE3NywsTGFkaXNsYXYsLMSMZXBlcmE%3D&do[load]=1
MUDr. Radek Černý;https://www.lkcr.cz/seznam-lekaru?filterId=MTE0MzU0ODE3MywsUmFkZWssLMSMZXJuw70%3D&do[load]=1
MUDr. Jiří Dobeš;https://www.lkcr.cz/seznam-lekaru?filterId=MTEyNDY1NjE1NiwsSmnFmcOtLCxEb2JlxaE%3D&do[load]=1
MUDr. Zdeněk Faltus;https://www.lkcr.cz/seznam-lekaru?filterId=MTEyNTg3NTE1NywsWmRlbsSbaywsRmFsdHVz&do[load]=1
MUDr. Vladimír Hájek;https://www.lkcr.cz/seznam-lekaru?filterId=MTEyMzIyMjE1NSwsVmxhZGltw61yLCxIw6FqZWs%3D&do[load]=1
MUDr. Jaromír Chroustovský;https://www.lkcr.cz/seznam-lekaru?filterId=MTE0MDk2MjE3MSwsSmFyb23DrXIsLENocm91c3RvdnNrw70%3D&do[load]=1
MUDr. Josef Chudoba;https://www.lkcr.cz/seznam-lekaru?filterId=MTEyMzU2MjE1NSwsSm9zZWYsLENodWRvYmE%3D&do[load]=1
MUDr. Michael Jirčík;https://www.lkcr.cz/seznam-lekaru?filterId=MTEzODQzNzE2OSwsTWljaGFlbCwsSmlyxI3DrWs%3D&do[load]=1
MUDr. Petr Juda;https://www.lkcr.cz/seznam-lekaru?filterId=MTEyODI4ODE1OSwsUGV0ciwsSnVkYQ%3D%3D&do[load]=1
MUDr. Vít Kaňkovský;https://www.lkcr.cz/seznam-lekaru?filterId=MTEzOTU2NzE3MCwsVsOtdCwsS2HFiGtvdnNrw70%3D&do[load]=1
MUDr. Rostislav Konečný;https://www.lkcr.cz/seznam-lekaru?filterId=MTE0MzQ2MzE3MywsUm9zdGlzbGF2LCxLb25lxI1uw70%3D&do[load]=1
MUDr. Jiří Košťál;https://www.lkcr.cz/seznam-lekaru?filterId=MTEyNDcxNDE1NiwsSmnFmcOtLCxLb8WhxaXDoWw%3D&do[load]=1
MUDr. Zdeněk Kovář;https://www.lkcr.cz/seznam-lekaru?filterId=MTEyODY2MTE1OSwsWmRlbsSbaywsS292w6HFmQ%3D%3D&do[load]=1
MUDr. Luboš Kratochvíl;https://www.lkcr.cz/seznam-lekaru?filterId=MTEzMTU0NDE2MiwsTHVib8WhLCxLcmF0b2NodsOtbA%3D%3D&do[load]=1
MUDr. Oldřich Krumpl;https://www.lkcr.cz/seznam-lekaru?filterId=MTEyOTQyNzE2MCwsT2xkxZlpY2gsLEtydW1wbA%3D%3D&do[load]=1
MUDr. Pavel Kubát;https://www.lkcr.cz/seznam-lekaru?filterId=MTEzMjQ2NjE2MywsUGF2ZWwsLEt1YsOhdA%3D%3D&do[load]=1
MUDr. Jaroslav Letocha;https://www.lkcr.cz/seznam-lekaru?filterId=MTE0NTM3ODE3NSwsSmFyb3NsYXYsLExldG9jaGE%3D&do[load]=1
MUDr. Petr Malušek;https://www.lkcr.cz/seznam-lekaru?filterId=MTE0NTU5NjE3NSwsUGV0ciwsTWFsdcWhZWs%3D&do[load]=1
MUDr. Alena Matějková;https://www.lkcr.cz/seznam-lekaru?filterId=NTE0MjIyMjE3MSwsQWxlbmEsLE1hdMSbamtvdsOh&do[load]=1
MUDr. Pavel Míka;https://www.lkcr.cz/seznam-lekaru?filterId=MTEzOTUxOTE3MCwsUGF2ZWwsLE3DrWth&do[load]=1
MUDr. Lubomír Motyčka;https://www.lkcr.cz/seznam-lekaru?filterId=MTEzODM4MDE2OSwsTHVib23DrXIsLE1vdHnEjWth&do[load]=1
MUDr. Pavel Nechvátal;https://www.lkcr.cz/seznam-lekaru?filterId=MTEyOTY0MzE2MCwsUGF2ZWwsLE5lY2h2w6F0YWw%3D&do[load]=1
MUDr. Martin Neužil;https://www.lkcr.cz/seznam-lekaru?filterId=MTE0MjY2ODE3MiwsTWFydGluLCxOZXXFvmls&do[load]=1
MUDr. Alois Páleníček;https://www.lkcr.cz/seznam-lekaru?filterId=MTEyMjA3OTE1NCwsQWxvaXMsLFDDoWxlbsOtxI1law%3D%3D&do[load]=1
MUDr. Aleš Pařízek;https://www.lkcr.cz/seznam-lekaru?filterId=MTE1MjcyODE4MiwsQWxlxaEsLFBhxZnDrXplaw%3D%3D&do[load]=1
MUDr. Nikolas Pávek;https://www.lkcr.cz/seznam-lekaru?filterId=MTE0MjY3MTE3MiwsTmlrb2xhcywsUMOhdmVr&do[load]=1
doc. MUDr. Jaroslav Pilný, Ph.D.;https://www.lkcr.cz/seznam-lekaru?filterId=MTEzODQyNTE2OSwsSmFyb3NsYXYsLFBpbG7DvQ%3D%3D&do[load]=1
MUDr. Miloslav Pink, CSc.;https://www.lkcr.cz/seznam-lekaru?filterId=MTExMzQ3NTE0NiwsTWlsb3NsYXYsLFBpbms%3D&do[load]=1
MUDr. Miroslav Prudký;https://www.lkcr.cz/seznam-lekaru?filterId=MTEyMjI3MjE1NCwsTWlyb3NsYXYsLFBydWRrw70%3D&do[load]=1
MUDr. Zbyněk Ptáček;https://www.lkcr.cz/seznam-lekaru?filterId=MTE0MjI4MTE3MiwsWmJ5bsSbaywsUHTDocSNZWs%3D&do[load]=1
MUDr. Jakub Röhrich;https://www.lkcr.cz/seznam-lekaru?filterId=MTE0MzY4NTE3MywsSmFrdWIsLFLDtmhyaWNo&do[load]=1
MUDr. Zdeněk Rybář;https://www.lkcr.cz/seznam-lekaru?filterId=MTE0OTQ3NjE3OSwsWmRlbsSbaywsUnliw6HFmQ%3D%3D&do[load]=1
MUDr. Vlastimil Ryšavý;https://www.lkcr.cz/seznam-lekaru?filterId=MTE1NzM2MjE4NCwsVmxhc3RpbWlsLCxSecWhYXbDvQ%3D%3D&do[load]=1
MUDr. Adam Salus;https://www.lkcr.cz/seznam-lekaru?filterId=MTE1ODM1NTE4NiwsQWRhbSwsU2FsdXM%3D&do[load]=1
MUDr. Roman Sedláček;https://www.lkcr.cz/seznam-lekaru?filterId=MTE0MTQyNTE3MSwsUm9tYW4sLFNlZGzDocSNZWs%3D&do[load]=1
MUDr. Tomáš Skačáni;https://www.lkcr.cz/seznam-lekaru?filterId=MTE1MjY1MTE4MiwsVG9tw6HFoSwsU2thxI3DoW5p&do[load]=1
MUDr. Miroslav Skoták;https://www.lkcr.cz/seznam-lekaru?filterId=MTEyOTQzNTE2MCwsTWlyb3NsYXYsLFNrb3TDoWs%3D&do[load]=1
MUDr. Peter Slávik;https://www.lkcr.cz/seznam-lekaru?filterId=MTE2MzAzODE5MCwsUGV0ZXIsLFNsw6F2aWs%3D&do[load]=1
MUDr. Ladislav Staněk;https://www.lkcr.cz/seznam-lekaru?filterId=MTEzNDE5MDE2NSwsTGFkaXNsYXYsLFN0YW7Em2s%3D&do[load]=1
MUDr. Milan Stránecký;https://www.lkcr.cz/seznam-lekaru?filterId=MTExOTA0NjE1MiwsTWlsYW4sLFN0csOhbmVja8O9&do[load]=1
MUDr. František Sýkora;https://www.lkcr.cz/seznam-lekaru?filterId=MTExMTYwNjE0NCwsRnJhbnRpxaFlaywsU8O9a29yYQ%3D%3D&do[load]=1
MUDr. Jiří Šajnar;https://www.lkcr.cz/seznam-lekaru?filterId=MTEzNjExNDE2NywsSmnFmcOtLCzFoGFqbmFy&do[load]=1
MUDr. Jiří Šedivý;https://www.lkcr.cz/seznam-lekaru?filterId=MTExOTEzNzE1MiwsSmnFmcOtLCzFoGVkaXbDvQ%3D%3D&do[load]=1
MUDr. Lubomír Trtík;https://www.lkcr.cz/seznam-lekaru?filterId=MTEyOTYyNzE2MCwsTHVib23DrXIsLFRydMOtaw%3D%3D&do[load]=1
MUDr. Jaroslav Vavřínek;https://www.lkcr.cz/seznam-lekaru?filterId=MTEzMDczMDE2MSwsSmFyb3NsYXYsLFZhdsWZw61uZWs%3D&do[load]=1
MUDr. Jiří Vosáhlo;https://www.lkcr.cz/seznam-lekaru?filterId=MTE0NTY2OTE3NSwsSmnFmcOtLCxWb3PDoWhsbw%3D%3D&do[load]=1